{
  "name": "Initial form",
  "form": "cd626f4c-483c-42ca-8160-6549530f4a0e",
  "blocks": [
    {
      "id": "b16efa1e-86f8-406d-8a75-dd7fe8d5db43",
      "label": "Status.io: component in maintenance?",
      "environment": "HOSTED",
      "presentation": "{\"w\":60,\"x\":98,\"h\":60,\"y\":-343}",
      "step": "c0f73828-1317-4563-bb69-602b22aa0e29",
      "stepType": "SCRIPT_STEP"
    },
    {
      "id": "1068c2ce-de6e-4ff9-a671-8ff073f92832",
      "label": "Status.io: create incident",
      "environment": "HOSTED",
      "presentation": "{\"w\":60,\"x\":23,\"h\":60,\"y\":-196}",
      "step": "f5188a05-de0e-488c-a066-45c8a5b0b3e0",
      "stepType": "SCRIPT_STEP",
      "inputMappings": [
        {
          "inputPort": "input",
          "mapping": "0",
          "stepInput": "680fc7c4-1053-4868-8dca-e8b0d3bcd186"
        },
        {
          "inputPort": "input",
          "mapping": "0",
          "stepInput": "9398da98-29e0-4e5d-a605-0b0eb53ac57c"
        },
        {
          "inputPort": "input",
          "mapping": "0",
          "stepInput": "45b3261a-27dc-4687-bc2d-f9d8d9719df7"
        },
        {
          "inputPort": "input",
          "mapping": "0",
          "stepInput": "3824aea7-362f-4e28-8799-53e3d443b9ff"
        },
        {
          "inputPort": "input",
          "mapping": "0",
          "stepInput": "44079d74-e791-47b8-99f7-8658ed9c42b6"
        },
        {
          "inputPort": "input",
          "mapping": "0",
          "stepInput": "025df28f-45ef-4167-b2f5-d248870827d2"
        }
      ]
    },
    {
      "id": "1dfb5a48-c729-42d7-b9e2-3b5645dc8acc",
      "label": "Status.io: status mapper",
      "environment": "HOSTED",
      "presentation": "{\"w\":60,\"x\":236,\"h\":60,\"y\":-175}",
      "step": "6c1267e1-604f-468a-80c5-2916ccacec27",
      "stepType": "SCRIPT_STEP"
    },
    {
      "id": "dabc0f9e-c649-4ce3-924a-af114a59c050",
      "label": "Status.io: update incident",
      "environment": "HOSTED",
      "presentation": "{\"w\":60,\"x\":-102,\"h\":60,\"y\":-9}",
      "step": "b1ef664c-1bbc-4fb3-8bce-ce96a344e1fc",
      "stepType": "SCRIPT_STEP",
      "inputMappings": [
        {
          "inputPort": "input",
          "mapping": "200",
          "stepInput": "8dddf9e8-81fd-479c-a6c7-602c69ae9cbd"
        },
        {
          "inputPort": "input",
          "mapping": "All problems have been identified",
          "stepInput": "7115ef9b-d184-4cb6-b9de-788c9708090e"
        },
        {
          "inputPort": "input",
          "mapping": "0",
          "stepInput": "4d180988-a221-4242-b4bf-99dc0312d54e"
        },
        {
          "inputPort": "input",
          "mapping": "0",
          "stepInput": "2d8a6b8e-16a1-4d52-977a-beee7dc6a6d1"
        },
        {
          "inputPort": "input",
          "mapping": "0",
          "stepInput": "d0529df5-4c61-4143-ab67-3641d780334e"
        },
        {
          "inputPort": "input",
          "mapping": "0",
          "stepInput": "5a96b2a7-b8ab-4667-8bff-299c9e7de984"
        },
        {
          "inputPort": "input",
          "mapping": "0",
          "stepInput": "a2e4ccc5-56db-4b52-adc4-b86f0e1e81ec"
        },
        {
          "inputPort": "input",
          "mapping": "0",
          "stepInput": "5c259959-ec1e-489f-8222-e44cf1785767"
        }
      ]
    }
  ]
}